{
  "version": "1.0.0",
  "site_title": "Valderrama International School",
  "tagline": "A bilingual IB school in Cartagena, Colombia",
  "description": "Providing world-class bilingual education in Cartagena, Colombia with IB curriculum",
  "theme": {
    "name": "valderrama",
    "version": "1.0.0",
    "active": true
  },
  "navigation_menus": {
    "primary": [
      {"title": "Home", "url": "/", "order": 1},
      {"title": "About Us", "url": "/about/", "order": 2},
      {"title": "Programs", "url": "/programs/", "order": 3},
      {"title": "Admissions", "url": "/admissions/", "order": 4},
      {"title": "Events", "url": "/events/", "order": 5},
      {"title": "News", "url": "/news/", "order": 6},
      {"title": "Gallery", "url": "/gallery/", "order": 7},
      {"title": "Contact", "url": "/contact/", "order": 8}
    ],
    "footer": [
      {"title": "Home", "url": "/"},
      {"title": "About Us", "url": "/about/"},
      {"title": "Programs", "url": "/programs/"},
      {"title": "Admissions", "url": "/admissions/"},
      {"title": "Contact", "url": "/contact/"}
    ]
  },
  "pages": [
    {
      "title": "Home",
      "slug": "home",
      "template": "default",
      "content": "Welcome to Valderrama International School"
    },
    {
      "title": "About Us",
      "slug": "about",
      "template": "default",
      "content": "Valderrama International School is a bilingual educational institution"
    },
    {
      "title": "Programs",
      "slug": "programs",
      "template": "default",
      "content": "Find more about our academic programs"
    },
    {
      "title": "Admissions",
      "slug": "admissions",
      "template": "default",
      "content": "Join our vibrant international community"
    },
    {
      "title": "Events",
      "slug": "events",
      "template": "default",
      "content": "Stay up to date with upcoming school events"
    },
    {
      "title": "Gallery",
      "slug": "gallery",
      "template": "default",
      "content": "Explore photo galleries of our campus"
    },
    {
      "title": "Contact",
      "slug": "contact",
      "template": "page-contact",
      "content": "Contact us for inquiries"
    }
  ],
  "plugins": {
    "required": [
      {
        "name": "WPML",
        "slug": "sitepress-multilingual-cms",
        "purpose": "Multilingual support (Spanish/English)"
      },
      {
        "name": "Gravity Forms",
        "slug": "gravityforms",
        "purpose": "Advanced form functionality"
      },
      {
        "name": "ACF Pro",
        "slug": "advanced-custom-fields-pro",
        "purpose": "Custom fields and content types"
      },
      {
        "name": "Yoast SEO",
        "slug": "wordpress-seo",
        "purpose": "SEO optimization"
      },
      {
        "name": "The Events Calendar",
        "slug": "the-events-calendar",
        "purpose": "Event management and scheduling"
      },
      {
        "name": "WP Rocket",
        "slug": "wp-rocket",
        "purpose": "Performance optimization and caching"
      },
      {
        "name": "Wordfence",
        "slug": "wordfence",
        "purpose": "Security and firewall protection"
      },
      {
        "name": "UpdraftPlus",
        "slug": "updraftplus",
        "purpose": "Backup and recovery"
      }
    ]
  }
}